{
  "rewards": [
    0.04,
    0.0
  ],
  "losses": [
    8.531747413873672,
    17.868627071380615
  ],
  "token_counts": [
    124.84,
    128.0
  ],
  "epochs": [
    1,
    2
  ]
}